,num_bandeja,idx,longitud_hoja,calidad_plantin,prediccion_calidad,h_filename,v_filename,pre_eval,evaluacion_prediccion
0,1,A1,58.12,3.0,3.0,h-2024-07-04_15-57-41.134221_ll_A1_C3.jpg,v-2024-07-04_15-57-41.134221_ll_A1_C3.jpg,0.0,1.0
1,1,A2,52.92,3.0,1.0,h-2024-07-04_15-57-55.523061_ll_A2_C1.jpg,v-2024-07-04_15-57-55.523061_ll_A2_C1.jpg,2.0,1.0
2,1,A3,34.88,2.0,1.0,h-2024-07-04_15-58-00.657345_ll_A3_C1.jpg,v-2024-07-04_15-58-00.657345_ll_A3_C1.jpg,1.0,1.0
3,1,A4,50.75,3.0,3.0,h-2024-07-04_15-58-05.727779_ll_A4_C3.jpg,v-2024-07-04_15-58-05.727779_ll_A4_C3.jpg,0.0,1.0
4,1,A5,50.8,3.0,3.0,h-2024-07-04_15-58-20.030491_ll_A5_C3.jpg,v-2024-07-04_15-58-20.030491_ll_A5_C3.jpg,0.0,1.0
5,1,A6,37.88,2.0,1.0,h-2024-07-04_15-58-34.452829_ll_A6_C1.jpg,v-2024-07-04_15-58-34.452829_ll_A6_C1.jpg,1.0,1.0
6,1,A7,29.4,2.0,1.0,h-2024-07-04_15-58-39.662448_ll_A7_C1.jpg,v-2024-07-04_15-58-39.662448_ll_A7_C1.jpg,1.0,1.0
7,1,A8,16.57,2.0,2.0,h-2024-07-04_15-58-44.855814_ll_A8_C2.jpg,v-2024-07-04_15-58-44.855814_ll_A8_C2.jpg,0.0,1.0
8,1,A9,45.96,2.0,3.0,h-2024-07-04_15-58-49.965377_ll_A9_C3.jpg,v-2024-07-04_15-58-49.965377_ll_A9_C3.jpg,-1.0,0.0
9,1,A10,13.28,2.0,2.0,h-2024-07-04_15-59-04.330251_ll_A10_C2.jpg,v-2024-07-04_15-59-04.330251_ll_A10_C2.jpg,0.0,1.0
10,1,A11,55.63,3.0,3.0,h-2024-07-04_15-59-09.527302_ll_A11_C3.jpg,v-2024-07-04_15-59-09.527302_ll_A11_C3.jpg,0.0,1.0
11,1,A12,58.58,3.0,1.0,h-2024-07-04_15-59-24.021891_ll_A12_C1.jpg,v-2024-07-04_15-59-24.021891_ll_A12_C1.jpg,2.0,1.0
12,1,A13,33.58,2.0,1.0,h-2024-07-04_15-59-29.147296_ll_A13_C1.jpg,v-2024-07-04_15-59-29.147296_ll_A13_C1.jpg,1.0,1.0
13,1,A14,14.59,2.0,2.0,h-2024-07-04_15-59-34.264987_ll_A14_C2.jpg,v-2024-07-04_15-59-34.264987_ll_A14_C2.jpg,0.0,1.0
14,1,A15,22.74,2.0,3.0,h-2024-07-04_15-59-39.381047_ll_A15_C3.jpg,v-2024-07-04_15-59-39.381047_ll_A15_C3.jpg,-1.0,0.0
15,1,A16,27.59,2.0,3.0,h-2024-07-04_15-59-58.558841_ll_A16_C3.jpg,v-2024-07-04_15-59-58.558841_ll_A16_C3.jpg,-1.0,0.0
16,1,A17,11.78,2.0,1.0,h-2024-07-04_16-00-13.000773_ll_A17_C1.jpg,v-2024-07-04_16-00-13.000773_ll_A17_C1.jpg,1.0,1.0
17,1,A18,32.35,2.0,1.0,h-2024-07-04_16-00-18.072271_ll_A18_C1.jpg,v-2024-07-04_16-00-18.072271_ll_A18_C1.jpg,1.0,1.0
18,1,A19,11.53,2.0,1.0,h-2024-07-04_16-00-23.265599_ll_A19_C1.jpg,v-2024-07-04_16-00-23.265599_ll_A19_C1.jpg,1.0,1.0
19,1,A20,43.25,2.0,3.0,h-2024-07-04_16-00-28.474702_ll_A20_C3.jpg,v-2024-07-04_16-00-28.474702_ll_A20_C3.jpg,-1.0,0.0
20,1,A21,15.08,2.0,3.0,h-2024-07-04_16-00-42.975066_ll_A21_C3.jpg,v-2024-07-04_16-00-42.975066_ll_A21_C3.jpg,-1.0,0.0
21,1,A22,2.94,2.0,2.0,h-2024-07-04_16-00-57.334275_ll_A22_C2.jpg,v-2024-07-04_16-00-57.334275_ll_A22_C2.jpg,0.0,1.0
22,1,A23,5.72,2.0,2.0,h-2024-07-04_16-01-02.474715_ll_A23_C2.jpg,v-2024-07-04_16-01-02.474715_ll_A23_C2.jpg,0.0,1.0
23,1,A24,23.05,2.0,1.0,h-2024-07-04_16-01-07.625335_ll_A24_C1.jpg,v-2024-07-04_16-01-07.625335_ll_A24_C1.jpg,1.0,1.0
24,1,A25,58.69,3.0,3.0,h-2024-07-04_16-01-12.769455_ll_A25_C3.jpg,v-2024-07-04_16-01-12.769455_ll_A25_C3.jpg,0.0,1.0
25,1,A26,52.6,3.0,3.0,h-2024-07-04_16-01-27.133664_ll_A26_C3.jpg,v-2024-07-04_16-01-27.133664_ll_A26_C3.jpg,0.0,1.0
26,1,A27,39.03,2.0,3.0,h-2024-07-04_16-01-41.535102_ll_A27_C3.jpg,v-2024-07-04_16-01-41.535102_ll_A27_C3.jpg,-1.0,0.0
27,1,A28,50.29,3.0,3.0,h-2024-07-04_16-02-00.765239_ll_A28_C3.jpg,v-2024-07-04_16-02-00.765239_ll_A28_C3.jpg,0.0,1.0
28,1,A29,38.95,2.0,1.0,h-2024-07-04_16-02-15.117518_ll_A29_C1.jpg,v-2024-07-04_16-02-15.117518_ll_A29_C1.jpg,1.0,1.0
29,1,A30,37.77,2.0,1.0,h-2024-07-04_16-02-20.320850_ll_A30_C1.jpg,v-2024-07-04_16-02-20.320850_ll_A30_C1.jpg,1.0,1.0
30,1,A31,15.34,2.0,3.0,h-2024-07-04_16-02-25.556248_ll_A31_C3.jpg,v-2024-07-04_16-02-25.556248_ll_A31_C3.jpg,-1.0,0.0
31,1,A32,31.49,2.0,3.0,h-2024-07-04_16-02-39.826746_ll_A32_C3.jpg,v-2024-07-04_16-02-39.826746_ll_A32_C3.jpg,-1.0,0.0
32,1,A33,60.39,3.0,3.0,h-2024-07-04_16-02-54.234151_ll_A33_C3.jpg,v-2024-07-04_16-02-54.234151_ll_A33_C3.jpg,0.0,1.0
33,1,A34,43.94,2.0,3.0,h-2024-07-04_16-03-08.534890_ll_A34_C3.jpg,v-2024-07-04_16-03-08.534890_ll_A34_C3.jpg,-1.0,0.0
34,1,A35,42.64,2.0,3.0,h-2024-07-04_16-03-22.902459_ll_A35_C3.jpg,v-2024-07-04_16-03-22.902459_ll_A35_C3.jpg,-1.0,0.0
35,1,A36,19.26,2.0,3.0,h-2024-07-04_16-04-36.693963_ll_A36_C3.jpg,v-2024-07-04_16-04-36.693963_ll_A36_C3.jpg,-1.0,0.0
36,1,A37,63.79,3.0,3.0,h-2024-07-04_16-04-51.225497_ll_A37_C3.jpg,v-2024-07-04_16-04-51.225497_ll_A37_C3.jpg,0.0,1.0
37,1,A38,37.37,2.0,3.0,h-2024-07-04_16-05-05.629313_ll_A38_C3.jpg,v-2024-07-04_16-05-05.629313_ll_A38_C3.jpg,-1.0,0.0
38,1,A39,60.19,3.0,3.0,h-2024-07-04_16-05-19.965748_ll_A39_C3.jpg,v-2024-07-04_16-05-19.965748_ll_A39_C3.jpg,0.0,1.0
39,1,A40,54.02,3.0,3.0,h-2024-07-04_16-05-34.365642_ll_A40_C3.jpg,v-2024-07-04_16-05-34.365642_ll_A40_C3.jpg,0.0,1.0
40,1,A41,48.82,2.0,3.0,h-2024-07-04_16-05-48.725789_ll_A41_C3.jpg,v-2024-07-04_16-05-48.725789_ll_A41_C3.jpg,-1.0,0.0
41,1,A42,39.94,2.0,1.0,h-2024-07-04_16-06-07.937851_ll_A42_C1.jpg,v-2024-07-04_16-06-07.937851_ll_A42_C1.jpg,1.0,1.0
42,1,A43,20.83,2.0,1.0,h-2024-07-04_16-06-13.026704_ll_A43_C1.jpg,v-2024-07-04_16-06-13.026704_ll_A43_C1.jpg,1.0,1.0
43,1,A44,54.3,3.0,3.0,h-2024-07-04_16-06-18.265021_ll_A44_C3.jpg,v-2024-07-04_16-06-18.265021_ll_A44_C3.jpg,0.0,1.0
44,1,A45,56.48,3.0,3.0,h-2024-07-04_16-06-32.654044_ll_A45_C3.jpg,v-2024-07-04_16-06-32.654044_ll_A45_C3.jpg,0.0,1.0
45,1,A46,51.91,3.0,3.0,h-2024-07-04_16-06-47.034542_ll_A46_C3.jpg,v-2024-07-04_16-06-47.034542_ll_A46_C3.jpg,0.0,1.0
46,1,A47,62.03,3.0,3.0,h-2024-07-04_16-07-01.461787_ll_A47_C3.jpg,v-2024-07-04_16-07-01.461787_ll_A47_C3.jpg,0.0,1.0
47,1,A48,47.99,2.0,3.0,h-2024-07-04_16-07-15.759200_ll_A48_C3.jpg,v-2024-07-04_16-07-15.759200_ll_A48_C3.jpg,-1.0,0.0
48,1,A49,38.42,2.0,1.0,h-2024-07-04_16-07-30.270042_ll_A49_C1.jpg,v-2024-07-04_16-07-30.270042_ll_A49_C1.jpg,1.0,1.0
49,1,A50,41.75,2.0,1.0,h-2024-07-04_16-07-35.454757_ll_A50_C1.jpg,v-2024-07-04_16-07-35.454757_ll_A50_C1.jpg,1.0,1.0
50,1,A51,40.8,2.0,1.0,h-2024-07-04_16-07-40.518646_ll_A51_C1.jpg,v-2024-07-04_16-07-40.518646_ll_A51_C1.jpg,1.0,1.0
51,1,A52,50.14,3.0,3.0,h-2024-07-04_16-07-45.463828_ll_A52_C3.jpg,v-2024-07-04_16-07-45.463828_ll_A52_C3.jpg,0.0,1.0
52,1,A53,49.67,2.0,3.0,h-2024-07-04_16-08-04.755528_ll_A53_C3.jpg,v-2024-07-04_16-08-04.755528_ll_A53_C3.jpg,-1.0,0.0
53,1,A54,44.48,2.0,1.0,h-2024-07-04_16-08-19.055855_ll_A54_C1.jpg,v-2024-07-04_16-08-19.055855_ll_A54_C1.jpg,1.0,1.0
54,1,A55,43.9,2.0,3.0,h-2024-07-04_16-08-24.241037_ll_A55_C3.jpg,v-2024-07-04_16-08-24.241037_ll_A55_C3.jpg,-1.0,0.0
55,1,A56,43.23,2.0,3.0,h-2024-07-04_16-08-38.635044_ll_A56_C3.jpg,v-2024-07-04_16-08-38.635044_ll_A56_C3.jpg,-1.0,0.0
56,1,A57,29.89,2.0,3.0,h-2024-07-04_16-08-52.958649_ll_A57_C3.jpg,v-2024-07-04_16-08-52.958649_ll_A57_C3.jpg,-1.0,0.0
57,1,A58,61.3,3.0,3.0,h-2024-07-04_16-09-07.479602_ll_A58_C3.jpg,v-2024-07-04_16-09-07.479602_ll_A58_C3.jpg,0.0,1.0
58,1,A59,49.1,2.0,1.0,h-2024-07-04_16-09-21.730635_ll_A59_C1.jpg,v-2024-07-04_16-09-21.730635_ll_A59_C1.jpg,1.0,1.0
59,1,A60,32.5,2.0,1.0,h-2024-07-04_16-09-26.918891_ll_A60_C1.jpg,v-2024-07-04_16-09-26.918891_ll_A60_C1.jpg,1.0,1.0
60,1,A61,45.02,2.0,3.0,h-2024-07-04_16-09-31.955192_ll_A61_C3.jpg,v-2024-07-04_16-09-31.955192_ll_A61_C3.jpg,-1.0,0.0
61,1,A62,20.85,2.0,3.0,h-2024-07-04_16-10-14.558638_ll_A62_C3.jpg,v-2024-07-04_16-10-14.558638_ll_A62_C3.jpg,-1.0,0.0
62,1,A63,19.78,2.0,0.0,h-2024-07-04_16-10-28.854521_ll_A63_C0.jpg,v-2024-07-04_16-10-28.854521_ll_A63_C0.jpg,2.0,
63,1,A64,36.86,2.0,3.0,h-2024-07-04_16-10-35.278237_ll_A64_C3.jpg,v-2024-07-04_16-10-35.278237_ll_A64_C3.jpg,-1.0,0.0
64,1,A65,45.69,2.0,3.0,h-2024-07-04_16-10-49.669630_ll_A65_C3.jpg,v-2024-07-04_16-10-49.669630_ll_A65_C3.jpg,-1.0,0.0
65,1,A66,37.81,2.0,1.0,h-2024-07-04_16-11-04.129712_ll_A66_C1.jpg,v-2024-07-04_16-11-04.129712_ll_A66_C1.jpg,1.0,1.0
66,1,A67,34.92,2.0,1.0,h-2024-07-04_16-11-09.327085_ll_A67_C1.jpg,v-2024-07-04_16-11-09.327085_ll_A67_C1.jpg,1.0,1.0
67,1,A68,34.32,2.0,3.0,h-2024-07-04_16-11-14.395302_ll_A68_C3.jpg,v-2024-07-04_16-11-14.395302_ll_A68_C3.jpg,-1.0,0.0
68,1,A69,36.24,2.0,3.0,h-2024-07-04_16-11-28.768040_ll_A69_C3.jpg,v-2024-07-04_16-11-28.768040_ll_A69_C3.jpg,-1.0,0.0
69,1,A70,11.84,2.0,2.0,h-2024-07-04_16-11-43.025149_ll_A70_C2.jpg,v-2024-07-04_16-11-43.025149_ll_A70_C2.jpg,0.0,1.0
70,1,A71,31.63,2.0,3.0,h-2024-07-04_16-11-48.260404_ll_A71_C3.jpg,v-2024-07-04_16-11-48.260404_ll_A71_C3.jpg,-1.0,0.0
71,1,A72,27.96,2.0,1.0,h-2024-07-04_16-12-07.590147_ll_A72_C1.jpg,v-2024-07-04_16-12-07.590147_ll_A72_C1.jpg,1.0,1.0
72,2,A1,31.41,2.0,1.0,h-2024-07-04_16-13-46.255095_ll_A1_C1.jpg,v-2024-07-04_16-13-46.255095_ll_A1_C1.jpg,1.0,1.0
73,2,A2,44.64,2.0,1.0,h-2024-07-04_16-13-51.455444_ll_A2_C1.jpg,v-2024-07-04_16-13-51.455444_ll_A2_C1.jpg,1.0,1.0
74,2,A3,42.86,2.0,3.0,h-2024-07-04_16-13-56.538595_ll_A3_C3.jpg,v-2024-07-04_16-13-56.538595_ll_A3_C3.jpg,-1.0,0.0
75,2,A4,51.76,3.0,3.0,h-2024-07-04_16-14-10.667261_ll_A4_C3.jpg,v-2024-07-04_16-14-10.667261_ll_A4_C3.jpg,0.0,1.0
76,2,A5,50.2,3.0,3.0,h-2024-07-04_16-14-25.043371_ll_A5_C3.jpg,v-2024-07-04_16-14-25.043371_ll_A5_C3.jpg,0.0,1.0
77,2,A6,44.49,2.0,1.0,h-2024-07-04_16-14-39.356020_ll_A6_C1.jpg,v-2024-07-04_16-14-39.356020_ll_A6_C1.jpg,1.0,1.0
78,2,A7,54.79,3.0,3.0,h-2024-07-04_16-14-44.543747_ll_A7_C3.jpg,v-2024-07-04_16-14-44.543747_ll_A7_C3.jpg,0.0,1.0
79,2,A8,44.48,2.0,3.0,h-2024-07-04_16-14-58.811413_ll_A8_C3.jpg,v-2024-07-04_16-14-58.811413_ll_A8_C3.jpg,-1.0,0.0
80,2,A9,63.29,3.0,3.0,h-2024-07-04_16-15-13.162260_ll_A9_C3.jpg,v-2024-07-04_16-15-13.162260_ll_A9_C3.jpg,0.0,1.0
81,2,A10,53.34,3.0,3.0,h-2024-07-04_16-15-32.463006_ll_A10_C3.jpg,v-2024-07-04_16-15-32.463006_ll_A10_C3.jpg,0.0,1.0
82,2,A11,44.09,2.0,3.0,h-2024-07-04_16-15-46.752796_ll_A11_C3.jpg,v-2024-07-04_16-15-46.752796_ll_A11_C3.jpg,-1.0,0.0
83,2,A12,31.64,2.0,1.0,h-2024-07-04_16-16-01.151399_ll_A12_C1.jpg,v-2024-07-04_16-16-01.151399_ll_A12_C1.jpg,1.0,1.0
84,2,A13,24.86,2.0,1.0,h-2024-07-04_16-16-06.355693_ll_A13_C1.jpg,v-2024-07-04_16-16-06.355693_ll_A13_C1.jpg,1.0,1.0
85,2,A14,32.94,2.0,3.0,h-2024-07-04_16-16-11.565607_ll_A14_C3.jpg,v-2024-07-04_16-16-11.565607_ll_A14_C3.jpg,-1.0,0.0
86,2,A15,55.92,3.0,1.0,h-2024-07-04_16-16-25.963772_ll_A15_C1.jpg,v-2024-07-04_16-16-25.963772_ll_A15_C1.jpg,2.0,1.0
87,2,A16,59.81,3.0,3.0,h-2024-07-04_16-16-31.133837_ll_A16_C3.jpg,v-2024-07-04_16-16-31.133837_ll_A16_C3.jpg,0.0,1.0
88,2,A17,59.76,3.0,3.0,h-2024-07-04_16-16-45.627891_ll_A17_C3.jpg,v-2024-07-04_16-16-45.627891_ll_A17_C3.jpg,0.0,1.0
89,2,A18,19.64,2.0,1.0,h-2024-07-04_16-17-00.031472_ll_A18_C1.jpg,v-2024-07-04_16-17-00.031472_ll_A18_C1.jpg,1.0,1.0
90,2,A19,54.53,3.0,1.0,h-2024-07-04_16-17-05.314502_ll_A19_C1.jpg,v-2024-07-04_16-17-05.314502_ll_A19_C1.jpg,2.0,1.0
91,2,A20,63.24,3.0,3.0,h-2024-07-04_16-17-10.260948_ll_A20_C3.jpg,v-2024-07-04_16-17-10.260948_ll_A20_C3.jpg,0.0,1.0
92,2,A21,57.36,3.0,3.0,h-2024-07-04_16-17-59.051924_ll_A21_C3.jpg,v-2024-07-04_16-17-59.051924_ll_A21_C3.jpg,0.0,1.0
93,2,A22,50.3,3.0,3.0,h-2024-07-04_16-18-13.433746_ll_A22_C3.jpg,v-2024-07-04_16-18-13.433746_ll_A22_C3.jpg,0.0,1.0
94,2,A23,17.07,2.0,2.0,h-2024-07-04_16-18-27.735308_ll_A23_C2.jpg,v-2024-07-04_16-18-27.735308_ll_A23_C2.jpg,0.0,1.0
95,2,A24,34.97,2.0,1.0,h-2024-07-04_16-18-32.934792_ll_A24_C1.jpg,v-2024-07-04_16-18-32.934792_ll_A24_C1.jpg,1.0,1.0
96,2,A25,45.89,2.0,1.0,h-2024-07-04_16-18-38.148100_ll_A25_C1.jpg,v-2024-07-04_16-18-38.148100_ll_A25_C1.jpg,1.0,1.0
97,2,A26,57.88,3.0,3.0,h-2024-07-04_16-18-43.370731_ll_A26_C3.jpg,v-2024-07-04_16-18-43.370731_ll_A26_C3.jpg,0.0,1.0
98,2,A27,25.17,2.0,1.0,h-2024-07-04_16-18-57.847404_ll_A27_C1.jpg,v-2024-07-04_16-18-57.847404_ll_A27_C1.jpg,1.0,1.0
99,2,A28,37.95,2.0,1.0,h-2024-07-04_16-19-03.053674_ll_A28_C1.jpg,v-2024-07-04_16-19-03.053674_ll_A28_C1.jpg,1.0,1.0
100,2,A29,51.32,3.0,1.0,h-2024-07-04_16-19-08.118943_ll_A29_C1.jpg,v-2024-07-04_16-19-08.118943_ll_A29_C1.jpg,2.0,1.0
101,2,A30,46.84,2.0,1.0,h-2024-07-04_16-19-13.233203_ll_A30_C1.jpg,v-2024-07-04_16-19-13.233203_ll_A30_C1.jpg,1.0,1.0
102,2,A31,44.96,2.0,3.0,h-2024-07-04_16-19-18.344231_ll_A31_C3.jpg,v-2024-07-04_16-19-18.344231_ll_A31_C3.jpg,-1.0,0.0
103,2,A32,59.92,3.0,3.0,h-2024-07-04_16-19-32.792159_ll_A32_C3.jpg,v-2024-07-04_16-19-32.792159_ll_A32_C3.jpg,0.0,1.0
104,2,A33,58.95,3.0,3.0,h-2024-07-04_16-19-47.046925_ll_A33_C3.jpg,v-2024-07-04_16-19-47.046925_ll_A33_C3.jpg,0.0,1.0
105,2,A34,49.86,2.0,3.0,h-2024-07-04_16-20-06.064695_ll_A34_C3.jpg,v-2024-07-04_16-20-06.064695_ll_A34_C3.jpg,-1.0,0.0
106,2,A35,48.06,2.0,3.0,h-2024-07-04_16-20-20.555921_ll_A35_C3.jpg,v-2024-07-04_16-20-20.555921_ll_A35_C3.jpg,-1.0,0.0
107,2,A36,32.12,2.0,3.0,h-2024-07-04_16-20-34.899258_ll_A36_C3.jpg,v-2024-07-04_16-20-34.899258_ll_A36_C3.jpg,-1.0,0.0
108,2,A37,38.82,2.0,3.0,h-2024-07-04_16-20-49.332212_ll_A37_C3.jpg,v-2024-07-04_16-20-49.332212_ll_A37_C3.jpg,-1.0,0.0
109,2,A38,49.74,2.0,3.0,h-2024-07-04_16-21-03.809118_ll_A38_C3.jpg,v-2024-07-04_16-21-03.809118_ll_A38_C3.jpg,-1.0,0.0
110,2,A39,44.29,2.0,3.0,h-2024-07-04_16-21-18.240309_ll_A39_C3.jpg,v-2024-07-04_16-21-18.240309_ll_A39_C3.jpg,-1.0,0.0
111,2,A40,47.24,2.0,3.0,h-2024-07-04_16-21-37.434694_ll_A40_C3.jpg,v-2024-07-04_16-21-37.434694_ll_A40_C3.jpg,-1.0,0.0
112,2,A41,41.43,2.0,3.0,h-2024-07-04_16-21-51.989404_ll_A41_C3.jpg,v-2024-07-04_16-21-51.989404_ll_A41_C3.jpg,-1.0,0.0
113,2,A42,48.15,2.0,3.0,h-2024-07-04_16-22-06.185413_ll_A42_C3.jpg,v-2024-07-04_16-22-06.185413_ll_A42_C3.jpg,-1.0,0.0
114,2,A43,45.51,2.0,1.0,h-2024-07-04_16-22-20.530618_ll_A43_C1.jpg,v-2024-07-04_16-22-20.530618_ll_A43_C1.jpg,1.0,1.0
115,2,A44,51.1,3.0,3.0,h-2024-07-04_16-22-25.699648_ll_A44_C3.jpg,v-2024-07-04_16-22-25.699648_ll_A44_C3.jpg,0.0,1.0
116,2,A45,0.0,2.0,1.0,h-2024-07-04_16-22-40.080578_ll_A45_C1.jpg,v-2024-07-04_16-22-40.080578_ll_A45_C1.jpg,1.0,1.0
117,2,A46,21.13,2.0,3.0,h-2024-07-04_16-22-45.320162_ll_A46_C3.jpg,v-2024-07-04_16-22-45.320162_ll_A46_C3.jpg,-1.0,0.0
118,2,A47,58.81,3.0,3.0,h-2024-07-04_16-22-59.588487_ll_A47_C3.jpg,v-2024-07-04_16-22-59.588487_ll_A47_C3.jpg,0.0,1.0
119,2,A48,0.0,2.0,1.0,h-2024-07-04_16-24-26.754836_ll_A48_C1.jpg,v-2024-07-04_16-24-26.754836_ll_A48_C1.jpg,1.0,1.0
120,2,A49,37.73,2.0,1.0,h-2024-07-04_16-24-31.848836_ll_A49_C1.jpg,v-2024-07-04_16-24-31.848836_ll_A49_C1.jpg,1.0,1.0
121,2,A50,40.89,2.0,1.0,h-2024-07-04_16-24-37.060629_ll_A50_C1.jpg,v-2024-07-04_16-24-37.060629_ll_A50_C1.jpg,1.0,1.0
122,2,A51,32.19,2.0,1.0,h-2024-07-04_16-24-42.155231_ll_A51_C1.jpg,v-2024-07-04_16-24-42.155231_ll_A51_C1.jpg,1.0,1.0
123,2,A52,33.51,2.0,1.0,h-2024-07-04_16-24-47.352275_ll_A52_C1.jpg,v-2024-07-04_16-24-47.352275_ll_A52_C1.jpg,1.0,1.0
124,2,A53,26.47,2.0,3.0,h-2024-07-04_16-24-52.467491_ll_A53_C3.jpg,v-2024-07-04_16-24-52.467491_ll_A53_C3.jpg,-1.0,0.0
125,2,A54,36.21,2.0,3.0,h-2024-07-04_16-25-06.729265_ll_A54_C3.jpg,v-2024-07-04_16-25-06.729265_ll_A54_C3.jpg,-1.0,0.0
126,2,A55,45.15,2.0,3.0,h-2024-07-04_16-25-21.223034_ll_A55_C3.jpg,v-2024-07-04_16-25-21.223034_ll_A55_C3.jpg,-1.0,0.0
127,2,A56,41.15,2.0,3.0,h-2024-07-04_16-25-35.611084_ll_A56_C3.jpg,v-2024-07-04_16-25-35.611084_ll_A56_C3.jpg,-1.0,0.0
128,2,A57,38.79,2.0,3.0,h-2024-07-04_16-25-49.747625_ll_A57_C3.jpg,v-2024-07-04_16-25-49.747625_ll_A57_C3.jpg,-1.0,0.0
129,2,A58,35.24,2.0,3.0,h-2024-07-04_16-26-04.192069_ll_A58_C3.jpg,v-2024-07-04_16-26-04.192069_ll_A58_C3.jpg,-1.0,0.0
130,2,A59,42.68,2.0,3.0,h-2024-07-04_16-26-23.105710_ll_A59_C3.jpg,v-2024-07-04_16-26-23.105710_ll_A59_C3.jpg,-1.0,0.0
131,2,A60,43.77,2.0,3.0,h-2024-07-04_16-26-37.278482_ll_A60_C3.jpg,v-2024-07-04_16-26-37.278482_ll_A60_C3.jpg,-1.0,0.0
132,2,A61,33.79,2.0,3.0,h-2024-07-04_16-26-51.575585_ll_A61_C3.jpg,v-2024-07-04_16-26-51.575585_ll_A61_C3.jpg,-1.0,0.0
133,2,A62,28.18,2.0,3.0,h-2024-07-04_16-27-05.867307_ll_A62_C3.jpg,v-2024-07-04_16-27-05.867307_ll_A62_C3.jpg,-1.0,0.0
134,2,A63,41.26,2.0,3.0,h-2024-07-04_16-27-20.232756_ll_A63_C3.jpg,v-2024-07-04_16-27-20.232756_ll_A63_C3.jpg,-1.0,0.0
135,2,A64,44.32,2.0,3.0,h-2024-07-04_16-27-34.726545_ll_A64_C3.jpg,v-2024-07-04_16-27-34.726545_ll_A64_C3.jpg,-1.0,0.0
136,2,A65,36.79,2.0,3.0,h-2024-07-04_16-27-53.866071_ll_A65_C3.jpg,v-2024-07-04_16-27-53.866071_ll_A65_C3.jpg,-1.0,0.0
137,2,A66,37.49,2.0,3.0,h-2024-07-04_16-28-08.219425_ll_A66_C3.jpg,v-2024-07-04_16-28-08.219425_ll_A66_C3.jpg,-1.0,0.0
138,2,A67,29.78,2.0,3.0,h-2024-07-04_16-28-22.622316_ll_A67_C3.jpg,v-2024-07-04_16-28-22.622316_ll_A67_C3.jpg,-1.0,0.0
139,2,A68,46.81,2.0,3.0,h-2024-07-04_16-28-37.226686_ll_A68_C3.jpg,v-2024-07-04_16-28-37.226686_ll_A68_C3.jpg,-1.0,0.0
140,2,A69,31.53,2.0,3.0,h-2024-07-04_16-28-51.545384_ll_A69_C3.jpg,v-2024-07-04_16-28-51.545384_ll_A69_C3.jpg,-1.0,0.0
141,2,A70,36.25,2.0,3.0,h-2024-07-04_16-29-05.771303_ll_A70_C3.jpg,v-2024-07-04_16-29-05.771303_ll_A70_C3.jpg,-1.0,0.0
142,2,A71,32.15,2.0,3.0,h-2024-07-04_16-30-01.153431_ll_A71_C3.jpg,v-2024-07-04_16-30-01.153431_ll_A71_C3.jpg,-1.0,0.0
143,2,A72,28.08,2.0,1.0,h-2024-07-04_16-30-15.533703_ll_A72_C1.jpg,v-2024-07-04_16-30-15.533703_ll_A72_C1.jpg,1.0,1.0
144,3,A1,16.86,2.0,3.0,h-2024-07-04_16-31-59.759265_ll_A1_C3.jpg,v-2024-07-04_16-31-59.759265_ll_A1_C3.jpg,-1.0,0.0
145,3,A2,24.06,2.0,1.0,h-2024-07-04_16-32-14.155218_ll_A2_C1.jpg,v-2024-07-04_16-32-14.155218_ll_A2_C1.jpg,1.0,1.0
146,3,A3,34.28,2.0,3.0,h-2024-07-04_16-32-19.459756_ll_A3_C3.jpg,v-2024-07-04_16-32-19.459756_ll_A3_C3.jpg,-1.0,0.0
147,3,A4,0.0,2.0,1.0,h-2024-07-04_16-32-33.846096_ll_A4_C1.jpg,v-2024-07-04_16-32-33.846096_ll_A4_C1.jpg,1.0,1.0
148,3,A5,23.62,2.0,1.0,h-2024-07-04_16-32-39.053170_ll_A5_C1.jpg,v-2024-07-04_16-32-39.053170_ll_A5_C1.jpg,1.0,1.0
149,3,A6,30.88,2.0,0.0,h-2024-07-04_16-32-44.117364_ll_A6_C0.jpg,v-2024-07-04_16-32-44.117364_ll_A6_C0.jpg,2.0,
150,3,A7,24.69,2.0,3.0,h-2024-07-04_16-32-50.556386_ll_A7_C3.jpg,v-2024-07-04_16-32-50.556386_ll_A7_C3.jpg,-1.0,0.0
151,3,A8,9.22,2.0,2.0,h-2024-07-04_16-33-04.934326_ll_A8_C2.jpg,v-2024-07-04_16-33-04.934326_ll_A8_C2.jpg,0.0,1.0
152,3,A9,0.0,2.0,1.0,h-2024-07-04_16-33-10.048392_ll_A9_C1.jpg,v-2024-07-04_16-33-10.048392_ll_A9_C1.jpg,1.0,1.0
153,3,A10,34.94,2.0,3.0,h-2024-07-04_16-33-15.165192_ll_A10_C3.jpg,v-2024-07-04_16-33-15.165192_ll_A10_C3.jpg,-1.0,0.0
154,3,A11,52.7,3.0,3.0,h-2024-07-04_16-33-29.576698_ll_A11_C3.jpg,v-2024-07-04_16-33-29.576698_ll_A11_C3.jpg,0.0,1.0
155,3,A12,0.0,2.0,1.0,h-2024-07-04_16-33-48.656909_ll_A12_C1.jpg,v-2024-07-04_16-33-48.656909_ll_A12_C1.jpg,1.0,1.0
156,3,A13,8.99,2.0,3.0,h-2024-07-04_16-33-53.872045_ll_A13_C3.jpg,v-2024-07-04_16-33-53.872045_ll_A13_C3.jpg,-1.0,0.0
157,3,A14,38.92,2.0,3.0,h-2024-07-04_16-34-08.010900_ll_A14_C3.jpg,v-2024-07-04_16-34-08.010900_ll_A14_C3.jpg,-1.0,0.0
158,3,A15,38.56,2.0,1.0,h-2024-07-04_16-34-22.453582_ll_A15_C1.jpg,v-2024-07-04_16-34-22.453582_ll_A15_C1.jpg,1.0,1.0
159,3,A16,31.74,2.0,3.0,h-2024-07-04_16-34-27.525840_ll_A16_C3.jpg,v-2024-07-04_16-34-27.525840_ll_A16_C3.jpg,-1.0,0.0
160,3,A17,12.93,2.0,1.0,h-2024-07-04_16-34-42.057336_ll_A17_C1.jpg,v-2024-07-04_16-34-42.057336_ll_A17_C1.jpg,1.0,1.0
161,3,A18,12.98,2.0,1.0,h-2024-07-04_16-34-47.265510_ll_A18_C1.jpg,v-2024-07-04_16-34-47.265510_ll_A18_C1.jpg,1.0,1.0
162,3,A19,23.26,2.0,1.0,h-2024-07-04_16-34-52.427738_ll_A19_C1.jpg,v-2024-07-04_16-34-52.427738_ll_A19_C1.jpg,1.0,1.0
163,3,A20,40.4,2.0,1.0,h-2024-07-04_16-34-57.504585_ll_A20_C1.jpg,v-2024-07-04_16-34-57.504585_ll_A20_C1.jpg,1.0,1.0
164,3,A21,35.37,2.0,3.0,h-2024-07-04_16-35-02.754969_ll_A21_C3.jpg,v-2024-07-04_16-35-02.754969_ll_A21_C3.jpg,-1.0,0.0
165,3,A22,33.79,2.0,1.0,h-2024-07-04_16-35-16.986547_ll_A22_C1.jpg,v-2024-07-04_16-35-16.986547_ll_A22_C1.jpg,1.0,1.0
166,3,A23,31.36,2.0,3.0,h-2024-07-04_16-35-22.235146_ll_A23_C3.jpg,v-2024-07-04_16-35-22.235146_ll_A23_C3.jpg,-1.0,0.0
167,3,A24,44.89,2.0,3.0,h-2024-07-04_16-35-36.524498_ll_A24_C3.jpg,v-2024-07-04_16-35-36.524498_ll_A24_C3.jpg,-1.0,0.0
168,3,A25,57.03,3.0,3.0,h-2024-07-04_16-35-55.680087_ll_A25_C3.jpg,v-2024-07-04_16-35-55.680087_ll_A25_C3.jpg,0.0,1.0
169,3,A26,57.8,3.0,3.0,h-2024-07-04_16-36-10.034309_ll_A26_C3.jpg,v-2024-07-04_16-36-10.034309_ll_A26_C3.jpg,0.0,1.0
170,3,A27,0.0,2.0,1.0,h-2024-07-04_16-36-24.535745_ll_A27_C1.jpg,v-2024-07-04_16-36-24.535745_ll_A27_C1.jpg,1.0,1.0
171,3,A28,30.96,2.0,3.0,h-2024-07-04_16-36-29.652656_ll_A28_C3.jpg,v-2024-07-04_16-36-29.652656_ll_A28_C3.jpg,-1.0,0.0
172,3,A29,36.03,2.0,1.0,h-2024-07-04_16-36-43.970856_ll_A29_C1.jpg,v-2024-07-04_16-36-43.970856_ll_A29_C1.jpg,1.0,1.0
173,3,A30,0.0,2.0,1.0,h-2024-07-04_16-36-49.172520_ll_A30_C1.jpg,v-2024-07-04_16-36-49.172520_ll_A30_C1.jpg,1.0,1.0
174,3,A31,0.0,2.0,1.0,h-2024-07-04_16-36-54.451250_ll_A31_C1.jpg,v-2024-07-04_16-36-54.451250_ll_A31_C1.jpg,1.0,1.0
175,3,A32,0.0,2.0,1.0,h-2024-07-04_16-36-59.676075_ll_A32_C1.jpg,v-2024-07-04_16-36-59.676075_ll_A32_C1.jpg,1.0,1.0
176,3,A33,9.66,2.0,1.0,h-2024-07-04_16-37-04.792316_ll_A33_C1.jpg,v-2024-07-04_16-37-04.792316_ll_A33_C1.jpg,1.0,1.0
177,3,A34,0.0,2.0,1.0,h-2024-07-04_16-37-10.031950_ll_A34_C1.jpg,v-2024-07-04_16-37-10.031950_ll_A34_C1.jpg,1.0,1.0
178,3,A35,49.21,2.0,3.0,h-2024-07-04_16-37-15.122455_ll_A35_C3.jpg,v-2024-07-04_16-37-15.122455_ll_A35_C3.jpg,-1.0,0.0
179,3,A36,42.28,2.0,1.0,h-2024-07-04_16-37-29.556160_ll_A36_C1.jpg,v-2024-07-04_16-37-29.556160_ll_A36_C1.jpg,1.0,1.0
180,3,A37,46.27,2.0,3.0,h-2024-07-04_16-37-34.670305_ll_A37_C3.jpg,v-2024-07-04_16-37-34.670305_ll_A37_C3.jpg,-1.0,0.0
181,3,A38,0.0,2.0,1.0,h-2024-07-04_16-37-49.143967_ll_A38_C1.jpg,v-2024-07-04_16-37-49.143967_ll_A38_C1.jpg,1.0,1.0
182,3,A39,66.17,3.0,3.0,h-2024-07-04_16-37-54.235715_ll_A39_C3.jpg,v-2024-07-04_16-37-54.235715_ll_A39_C3.jpg,0.0,1.0
183,3,A40,0.0,2.0,1.0,h-2024-07-04_16-43-44.066290_ll_A40_C1.jpg,v-2024-07-04_16-43-44.066290_ll_A40_C1.jpg,1.0,1.0
184,3,A41,0.0,2.0,1.0,h-2024-07-04_16-43-49.355029_ll_A41_C1.jpg,v-2024-07-04_16-43-49.355029_ll_A41_C1.jpg,1.0,1.0
185,3,A42,47.04,2.0,3.0,h-2024-07-04_16-43-54.468753_ll_A42_C3.jpg,v-2024-07-04_16-43-54.468753_ll_A42_C3.jpg,-1.0,0.0
186,3,A43,20.32,2.0,2.0,h-2024-07-04_16-44-08.922825_ll_A43_C2.jpg,v-2024-07-04_16-44-08.922825_ll_A43_C2.jpg,0.0,1.0
187,3,A44,0.0,2.0,1.0,h-2024-07-04_16-44-14.164976_ll_A44_C1.jpg,v-2024-07-04_16-44-14.164976_ll_A44_C1.jpg,1.0,1.0
188,3,A45,0.0,2.0,1.0,h-2024-07-04_16-44-19.369213_ll_A45_C1.jpg,v-2024-07-04_16-44-19.369213_ll_A45_C1.jpg,1.0,1.0
189,3,A46,31.59,2.0,3.0,h-2024-07-04_16-44-24.522983_ll_A46_C3.jpg,v-2024-07-04_16-44-24.522983_ll_A46_C3.jpg,-1.0,0.0
190,3,A47,31.2,2.0,3.0,h-2024-07-04_16-44-39.023935_ll_A47_C3.jpg,v-2024-07-04_16-44-39.023935_ll_A47_C3.jpg,-1.0,0.0
191,3,A48,40.22,2.0,3.0,h-2024-07-04_16-44-53.444002_ll_A48_C3.jpg,v-2024-07-04_16-44-53.444002_ll_A48_C3.jpg,-1.0,0.0
192,3,A49,46.35,2.0,3.0,h-2024-07-04_16-45-07.876575_ll_A49_C3.jpg,v-2024-07-04_16-45-07.876575_ll_A49_C3.jpg,-1.0,0.0
193,3,A50,11.26,2.0,3.0,h-2024-07-04_16-45-22.257386_ll_A50_C3.jpg,v-2024-07-04_16-45-22.257386_ll_A50_C3.jpg,-1.0,0.0
194,3,A51,0.0,2.0,1.0,h-2024-07-04_16-45-41.429915_ll_A51_C1.jpg,v-2024-07-04_16-45-41.429915_ll_A51_C1.jpg,1.0,1.0
195,3,A52,34.96,2.0,3.0,h-2024-07-04_16-45-46.437505_ll_A52_C3.jpg,v-2024-07-04_16-45-46.437505_ll_A52_C3.jpg,-1.0,0.0
196,3,A53,58.74,3.0,3.0,h-2024-07-04_16-46-00.832453_ll_A53_C3.jpg,v-2024-07-04_16-46-00.832453_ll_A53_C3.jpg,0.0,1.0
197,3,A54,0.0,2.0,1.0,h-2024-07-04_16-46-15.329376_ll_A54_C1.jpg,v-2024-07-04_16-46-15.329376_ll_A54_C1.jpg,1.0,1.0
198,3,A55,60.56,3.0,1.0,h-2024-07-04_16-46-20.579297_ll_A55_C1.jpg,v-2024-07-04_16-46-20.579297_ll_A55_C1.jpg,2.0,1.0
199,3,A56,22.55,2.0,3.0,h-2024-07-04_16-46-25.757800_ll_A56_C3.jpg,v-2024-07-04_16-46-25.757800_ll_A56_C3.jpg,-1.0,0.0
200,3,A57,60.37,3.0,3.0,h-2024-07-04_16-46-40.141131_ll_A57_C3.jpg,v-2024-07-04_16-46-40.141131_ll_A57_C3.jpg,0.0,1.0
201,3,A58,52.99,3.0,3.0,h-2024-07-04_16-46-54.557169_ll_A58_C3.jpg,v-2024-07-04_16-46-54.557169_ll_A58_C3.jpg,0.0,1.0
202,3,A59,30.81,2.0,3.0,h-2024-07-04_16-47-08.963543_ll_A59_C3.jpg,v-2024-07-04_16-47-08.963543_ll_A59_C3.jpg,-1.0,0.0
203,3,A60,54.46,3.0,1.0,h-2024-07-04_16-47-28.259769_ll_A60_C1.jpg,v-2024-07-04_16-47-28.259769_ll_A60_C1.jpg,2.0,1.0
204,3,A61,7.49,2.0,2.0,h-2024-07-04_16-47-33.433140_ll_A61_C2.jpg,v-2024-07-04_16-47-33.433140_ll_A61_C2.jpg,0.0,1.0
205,3,A62,27.67,2.0,3.0,h-2024-07-04_16-47-38.624953_ll_A62_C3.jpg,v-2024-07-04_16-47-38.624953_ll_A62_C3.jpg,-1.0,0.0
206,3,A63,50.63,3.0,3.0,h-2024-07-04_16-47-53.136288_ll_A63_C3.jpg,v-2024-07-04_16-47-53.136288_ll_A63_C3.jpg,0.0,1.0
207,3,A64,32.55,2.0,3.0,h-2024-07-04_16-48-07.457171_ll_A64_C3.jpg,v-2024-07-04_16-48-07.457171_ll_A64_C3.jpg,-1.0,0.0
208,3,A65,36.2,2.0,3.0,h-2024-07-04_16-48-21.866303_ll_A65_C3.jpg,v-2024-07-04_16-48-21.866303_ll_A65_C3.jpg,-1.0,0.0
209,3,A66,6.93,2.0,1.0,h-2024-07-04_16-48-36.448478_ll_A66_C1.jpg,v-2024-07-04_16-48-36.448478_ll_A66_C1.jpg,1.0,1.0
210,3,A67,29.28,2.0,1.0,h-2024-07-04_16-48-41.653980_ll_A67_C1.jpg,v-2024-07-04_16-48-41.653980_ll_A67_C1.jpg,1.0,1.0
211,3,A68,58.96,3.0,1.0,h-2024-07-04_16-48-46.759378_ll_A68_C1.jpg,v-2024-07-04_16-48-46.759378_ll_A68_C1.jpg,2.0,1.0
212,3,A69,59.16,3.0,1.0,h-2024-07-04_16-48-51.958427_ll_A69_C1.jpg,v-2024-07-04_16-48-51.958427_ll_A69_C1.jpg,2.0,1.0
213,3,A70,33.92,2.0,3.0,h-2024-07-04_16-48-57.125846_ll_A70_C3.jpg,v-2024-07-04_16-48-57.125846_ll_A70_C3.jpg,-1.0,0.0
214,3,A71,33.9,2.0,1.0,h-2024-07-04_16-49-11.533051_ll_A71_C1.jpg,v-2024-07-04_16-49-11.533051_ll_A71_C1.jpg,1.0,1.0
215,3,A72,10.39,2.0,1.0,h-2024-07-04_16-49-16.653758_ll_A72_C1.jpg,v-2024-07-04_16-49-16.653758_ll_A72_C1.jpg,1.0,1.0
216,4,A1,20.79,2.0,3.0,h-2024-07-04_16-51-24.656442_ll_A1_C3.jpg,v-2024-07-04_16-51-24.656442_ll_A1_C3.jpg,-1.0,0.0
217,4,A2,9.51,2.0,3.0,h-2024-07-04_16-52-50.255824_ll_A2_C3.jpg,v-2024-07-04_16-52-50.255824_ll_A2_C3.jpg,-1.0,0.0
218,4,A3,0.0,2.0,1.0,h-2024-07-04_16-53-04.642087_ll_A3_C1.jpg,v-2024-07-04_16-53-04.642087_ll_A3_C1.jpg,1.0,1.0
219,4,A4,33.33,2.0,3.0,h-2024-07-04_16-53-09.829825_ll_A4_C3.jpg,v-2024-07-04_16-53-09.829825_ll_A4_C3.jpg,-1.0,0.0
220,4,A5,23.92,2.0,1.0,h-2024-07-04_16-53-24.112682_ll_A5_C1.jpg,v-2024-07-04_16-53-24.112682_ll_A5_C1.jpg,1.0,1.0
221,4,A6,0.0,2.0,1.0,h-2024-07-04_16-53-29.258495_ll_A6_C1.jpg,v-2024-07-04_16-53-29.258495_ll_A6_C1.jpg,1.0,1.0
222,4,A7,18.06,2.0,3.0,h-2024-07-04_16-53-34.430465_ll_A7_C3.jpg,v-2024-07-04_16-53-34.430465_ll_A7_C3.jpg,-1.0,0.0
223,4,A8,31.0,2.0,3.0,h-2024-07-04_16-53-48.899440_ll_A8_C3.jpg,v-2024-07-04_16-53-48.899440_ll_A8_C3.jpg,-1.0,0.0
224,4,A9,0.0,2.0,1.0,h-2024-07-04_16-54-03.336230_ll_A9_C1.jpg,v-2024-07-04_16-54-03.336230_ll_A9_C1.jpg,1.0,1.0
225,4,A10,29.19,2.0,3.0,h-2024-07-04_16-54-08.595020_ll_A10_C3.jpg,v-2024-07-04_16-54-08.595020_ll_A10_C3.jpg,-1.0,0.0
226,4,A11,29.34,2.0,3.0,h-2024-07-04_17-03-12.559818_ll_A11_C3.jpg,v-2024-07-04_17-03-12.559818_ll_A11_C3.jpg,-1.0,0.0
227,4,A12,21.04,2.0,3.0,h-2024-07-04_17-03-31.856258_ll_A12_C3.jpg,v-2024-07-04_17-03-31.856258_ll_A12_C3.jpg,-1.0,0.0
228,4,A13,9.53,2.0,2.0,h-2024-07-04_17-03-46.259521_ll_A13_C2.jpg,v-2024-07-04_17-03-46.259521_ll_A13_C2.jpg,0.0,1.0
229,4,A14,43.09,2.0,3.0,h-2024-07-04_17-03-51.365863_ll_A14_C3.jpg,v-2024-07-04_17-03-51.365863_ll_A14_C3.jpg,-1.0,0.0
230,4,A15,16.0,2.0,1.0,h-2024-07-04_17-04-05.698742_ll_A15_C1.jpg,v-2024-07-04_17-04-05.698742_ll_A15_C1.jpg,1.0,1.0
231,4,A16,32.4,2.0,3.0,h-2024-07-04_17-04-10.849745_ll_A16_C3.jpg,v-2024-07-04_17-04-10.849745_ll_A16_C3.jpg,-1.0,0.0
232,4,A17,53.84,3.0,3.0,h-2024-07-04_17-04-25.420090_ll_A17_C3.jpg,v-2024-07-04_17-04-25.420090_ll_A17_C3.jpg,0.0,1.0
233,4,A18,32.95,2.0,3.0,h-2024-07-04_17-04-39.665462_ll_A18_C3.jpg,v-2024-07-04_17-04-39.665462_ll_A18_C3.jpg,-1.0,0.0
234,4,A19,9.71,2.0,1.0,h-2024-07-04_17-04-54.026965_ll_A19_C1.jpg,v-2024-07-04_17-04-54.026965_ll_A19_C1.jpg,1.0,1.0
235,4,A20,42.4,2.0,3.0,h-2024-07-04_17-04-59.234762_ll_A20_C3.jpg,v-2024-07-04_17-04-59.234762_ll_A20_C3.jpg,-1.0,0.0
236,4,A21,34.89,2.0,3.0,h-2024-07-04_17-05-18.511699_ll_A21_C3.jpg,v-2024-07-04_17-05-18.511699_ll_A21_C3.jpg,-1.0,0.0
237,4,A22,33.67,2.0,3.0,h-2024-07-04_17-05-32.949697_ll_A22_C3.jpg,v-2024-07-04_17-05-32.949697_ll_A22_C3.jpg,-1.0,0.0
238,4,A23,0.0,2.0,1.0,h-2024-07-04_17-05-47.262409_ll_A23_C1.jpg,v-2024-07-04_17-05-47.262409_ll_A23_C1.jpg,1.0,1.0
239,4,A24,40.03,2.0,3.0,h-2024-07-04_17-05-52.336045_ll_A24_C3.jpg,v-2024-07-04_17-05-52.336045_ll_A24_C3.jpg,-1.0,0.0
240,4,A25,30.61,2.0,3.0,h-2024-07-04_17-06-06.823676_ll_A25_C3.jpg,v-2024-07-04_17-06-06.823676_ll_A25_C3.jpg,-1.0,0.0
241,4,A26,26.95,2.0,3.0,h-2024-07-04_17-06-21.089342_ll_A26_C3.jpg,v-2024-07-04_17-06-21.089342_ll_A26_C3.jpg,-1.0,0.0
242,4,A27,29.39,2.0,3.0,h-2024-07-04_17-06-35.404157_ll_A27_C3.jpg,v-2024-07-04_17-06-35.404157_ll_A27_C3.jpg,-1.0,0.0
243,4,A28,54.27,3.0,3.0,h-2024-07-04_17-08-03.222750_ll_A28_C3.jpg,v-2024-07-04_17-08-03.222750_ll_A28_C3.jpg,0.0,1.0
244,4,A29,0.0,2.0,1.0,h-2024-07-04_17-08-17.690414_ll_A29_C1.jpg,v-2024-07-04_17-08-17.690414_ll_A29_C1.jpg,1.0,1.0
245,4,A30,30.04,2.0,3.0,h-2024-07-04_17-08-22.850826_ll_A30_C3.jpg,v-2024-07-04_17-08-22.850826_ll_A30_C3.jpg,-1.0,0.0
246,4,A31,23.71,2.0,1.0,h-2024-07-04_17-08-37.328737_ll_A31_C1.jpg,v-2024-07-04_17-08-37.328737_ll_A31_C1.jpg,1.0,1.0
247,4,A32,23.33,2.0,3.0,h-2024-07-04_17-08-42.539977_ll_A32_C3.jpg,v-2024-07-04_17-08-42.539977_ll_A32_C3.jpg,-1.0,0.0
248,4,A33,38.4,2.0,3.0,h-2024-07-04_17-08-57.005306_ll_A33_C3.jpg,v-2024-07-04_17-08-57.005306_ll_A33_C3.jpg,-1.0,0.0
249,4,A34,0.0,2.0,1.0,h-2024-07-04_17-09-11.534289_ll_A34_C1.jpg,v-2024-07-04_17-09-11.534289_ll_A34_C1.jpg,1.0,1.0
250,4,A35,36.3,2.0,3.0,h-2024-07-04_17-09-16.735702_ll_A35_C3.jpg,v-2024-07-04_17-09-16.735702_ll_A35_C3.jpg,-1.0,0.0
251,4,A36,21.9,2.0,1.0,h-2024-07-04_17-09-30.936627_ll_A36_C1.jpg,v-2024-07-04_17-09-30.936627_ll_A36_C1.jpg,1.0,1.0
252,4,A37,36.2,2.0,3.0,h-2024-07-04_17-09-36.131766_ll_A37_C3.jpg,v-2024-07-04_17-09-36.131766_ll_A37_C3.jpg,-1.0,0.0
253,4,A38,37.26,2.0,3.0,h-2024-07-04_17-09-55.355422_ll_A38_C3.jpg,v-2024-07-04_17-09-55.355422_ll_A38_C3.jpg,-1.0,0.0
254,4,A39,0.0,2.0,1.0,h-2024-07-04_17-10-09.761814_ll_A39_C1.jpg,v-2024-07-04_17-10-09.761814_ll_A39_C1.jpg,1.0,1.0
255,4,A40,40.25,2.0,3.0,h-2024-07-04_17-10-14.875550_ll_A40_C3.jpg,v-2024-07-04_17-10-14.875550_ll_A40_C3.jpg,-1.0,0.0
256,4,A41,24.38,2.0,0.0,h-2024-07-04_17-10-29.144359_ll_A41_C0.jpg,v-2024-07-04_17-10-29.144359_ll_A41_C0.jpg,2.0,
257,4,A42,23.3,2.0,1.0,h-2024-07-04_17-10-35.545863_ll_A42_C1.jpg,v-2024-07-04_17-10-35.545863_ll_A42_C1.jpg,1.0,1.0
258,4,A43,17.32,2.0,3.0,h-2024-07-04_17-10-40.802819_ll_A43_C3.jpg,v-2024-07-04_17-10-40.802819_ll_A43_C3.jpg,-1.0,0.0
259,4,A44,3.0,2.0,0.0,h-2024-07-04_17-10-55.165498_ll_A44_C0.jpg,v-2024-07-04_17-10-55.165498_ll_A44_C0.jpg,2.0,
260,4,A45,55.49,3.0,3.0,h-2024-07-04_17-11-01.558707_ll_A45_C3.jpg,v-2024-07-04_17-11-01.558707_ll_A45_C3.jpg,0.0,1.0
261,4,A46,40.9,2.0,3.0,h-2024-07-04_17-11-15.905167_ll_A46_C3.jpg,v-2024-07-04_17-11-15.905167_ll_A46_C3.jpg,-1.0,0.0
262,4,A47,56.16,3.0,3.0,h-2024-07-04_17-11-30.199839_ll_A47_C3.jpg,v-2024-07-04_17-11-30.199839_ll_A47_C3.jpg,0.0,1.0
263,4,A48,0.0,2.0,1.0,h-2024-07-04_17-11-49.329658_ll_A48_C1.jpg,v-2024-07-04_17-11-49.329658_ll_A48_C1.jpg,1.0,1.0
264,4,A49,68.39,3.0,3.0,h-2024-07-04_17-11-54.527352_ll_A49_C3.jpg,v-2024-07-04_17-11-54.527352_ll_A49_C3.jpg,0.0,1.0
265,4,A50,45.03,2.0,3.0,h-2024-07-04_17-12-08.831734_ll_A50_C3.jpg,v-2024-07-04_17-12-08.831734_ll_A50_C3.jpg,-1.0,0.0
266,4,A51,57.86,3.0,3.0,h-2024-07-04_17-12-23.255312_ll_A51_C3.jpg,v-2024-07-04_17-12-23.255312_ll_A51_C3.jpg,0.0,1.0
267,4,A52,72.93,3.0,3.0,h-2024-07-04_17-14-51.757004_ll_A52_C3.jpg,v-2024-07-04_17-14-51.757004_ll_A52_C3.jpg,0.0,1.0
268,4,A53,58.37,3.0,1.0,h-2024-07-04_17-15-06.301783_ll_A53_C1.jpg,v-2024-07-04_17-15-06.301783_ll_A53_C1.jpg,2.0,1.0
269,4,A54,0.0,2.0,1.0,h-2024-07-04_17-15-11.470740_ll_A54_C1.jpg,v-2024-07-04_17-15-11.470740_ll_A54_C1.jpg,1.0,1.0
270,4,A55,21.85,2.0,1.0,h-2024-07-04_17-15-16.567065_ll_A55_C1.jpg,v-2024-07-04_17-15-16.567065_ll_A55_C1.jpg,1.0,1.0
271,4,A56,61.09,3.0,3.0,h-2024-07-04_17-15-21.693055_ll_A56_C3.jpg,v-2024-07-04_17-15-21.693055_ll_A56_C3.jpg,0.0,1.0
272,4,A57,17.24,2.0,1.0,h-2024-07-04_17-15-36.040805_ll_A57_C1.jpg,v-2024-07-04_17-15-36.040805_ll_A57_C1.jpg,1.0,1.0
273,4,A58,48.18,2.0,3.0,h-2024-07-04_17-15-41.079939_ll_A58_C3.jpg,v-2024-07-04_17-15-41.079939_ll_A58_C3.jpg,-1.0,0.0
274,4,A59,62.88,3.0,3.0,h-2024-07-04_17-17-22.754796_ll_A59_C3.jpg,v-2024-07-04_17-17-22.754796_ll_A59_C3.jpg,0.0,1.0
275,4,A60,54.94,3.0,3.0,h-2024-07-04_17-17-37.058072_ll_A60_C3.jpg,v-2024-07-04_17-17-37.058072_ll_A60_C3.jpg,0.0,1.0
276,4,A61,32.43,2.0,3.0,h-2024-07-04_17-17-51.398611_ll_A61_C3.jpg,v-2024-07-04_17-17-51.398611_ll_A61_C3.jpg,-1.0,0.0
277,4,A62,37.36,2.0,3.0,h-2024-07-04_17-18-05.838001_ll_A62_C3.jpg,v-2024-07-04_17-18-05.838001_ll_A62_C3.jpg,-1.0,0.0
278,4,A63,67.05,3.0,3.0,h-2024-07-04_17-18-20.328150_ll_A63_C3.jpg,v-2024-07-04_17-18-20.328150_ll_A63_C3.jpg,0.0,1.0
279,4,A64,35.15,2.0,3.0,h-2024-07-04_17-18-34.757907_ll_A64_C3.jpg,v-2024-07-04_17-18-34.757907_ll_A64_C3.jpg,-1.0,0.0
280,4,A65,49.22,2.0,3.0,h-2024-07-04_17-18-54.156231_ll_A65_C3.jpg,v-2024-07-04_17-18-54.156231_ll_A65_C3.jpg,-1.0,0.0
281,4,A66,42.07,2.0,1.0,h-2024-07-04_17-19-08.379685_ll_A66_C1.jpg,v-2024-07-04_17-19-08.379685_ll_A66_C1.jpg,1.0,1.0
282,4,A67,25.89,2.0,1.0,h-2024-07-04_17-19-13.519287_ll_A67_C1.jpg,v-2024-07-04_17-19-13.519287_ll_A67_C1.jpg,1.0,1.0
283,4,A68,40.29,2.0,3.0,h-2024-07-04_17-19-18.672070_ll_A68_C3.jpg,v-2024-07-04_17-19-18.672070_ll_A68_C3.jpg,-1.0,0.0
284,4,A69,52.57,3.0,3.0,h-2024-07-04_17-19-33.137706_ll_A69_C3.jpg,v-2024-07-04_17-19-33.137706_ll_A69_C3.jpg,0.0,1.0
285,4,A70,0.0,2.0,1.0,h-2024-07-04_17-19-47.544100_ll_A70_C1.jpg,v-2024-07-04_17-19-47.544100_ll_A70_C1.jpg,1.0,1.0
286,4,A71,41.0,2.0,3.0,h-2024-07-04_17-19-52.669304_ll_A71_C3.jpg,v-2024-07-04_17-19-52.669304_ll_A71_C3.jpg,-1.0,0.0
287,4,A72,31.15,2.0,3.0,h-2024-07-04_17-20-06.964143_ll_A72_C3.jpg,v-2024-07-04_17-20-06.964143_ll_A72_C3.jpg,-1.0,0.0
